<?xml version="1.0" encoding="UTF-8"?>
<XML_DIZ_INFO>
  <MASTER_PAD_VERSION_INFO>
    <MASTER_PAD_VERSION>4.0</MASTER_PAD_VERSION>
    <MASTER_PAD_EDITOR>AppVisor 1.0.43</MASTER_PAD_EDITOR>
    <MASTER_PAD_EDITOR_URL>http://publisher.appvisor.com</MASTER_PAD_EDITOR_URL>
    <MASTER_PAD_INFO>Portable Application Description, or PAD(TM) 2004 Association of Software Professionals (ASP)http://www.asp-shareware.org/pad is a data set standard and specification that is commercialsoftware publishers to disseminate certified information about their software application. The PAD format is copyright of the ASP and cannot be used without the formal licensing and permission of both the Association of Software Professionals and its agent AppVisor.com.</MASTER_PAD_INFO>
    <CERTIFIED>No</CERTIFIED>
    <CERTIFICATE_ID></CERTIFICATE_ID>
    <CERTIFICATE_LICENSE></CERTIFICATE_LICENSE>
  </MASTER_PAD_VERSION_INFO>
  <RoboSoft>
    <Company_UIN>CMP-2100F8CF079C</Company_UIN>
    <Product_UIN>APP-41005F12879C</Product_UIN>
    <Press_Release_Search_String></Press_Release_Search_String>
    <NewsFeed_Search_String></NewsFeed_Search_String>
    <Publish_on_CD>N</Publish_on_CD>
    <Search_String></Search_String>
    <Comments_For_Reviewer></Comments_For_Reviewer>
    <Backlink></Backlink>
    <Search_String_Unique></Search_String_Unique>
    <Search_Engine_Search_String></Search_Engine_Search_String>
    <Web_Directories_Search_String></Web_Directories_Search_String>
    <Company_Description></Company_Description>
  </RoboSoft>
  <Company_Info>
    <PublisherID>pid-1100a701079c</PublisherID>
    <BrandID>bid-2100f8cf079c</BrandID>
    <Company_Name>L2Networks Corp</Company_Name>
    <Country>United States of America</Country>
    <State_Province>Florida</State_Province>
    <City_Town>Tallahassee</City_Town>
    <Zip_Postal_Code>32312</Zip_Postal_Code>
    <Address_1>1400 Village Square Blvd</Address_1>
    <Address_2>Suite #3-131</Address_2>
    <Company_WebSite_URL>http://www.l2net.com/</Company_WebSite_URL>
    <Contact_Info>
      <Contact_First_Name>Kraig</Contact_First_Name>
      <Contact_Last_Name>Beahn</Contact_Last_Name>
      <Contact_Email>KRAIG@MYL2N.COM</Contact_Email>
      <Author_First_Name></Author_First_Name>
      <Author_Last_Name></Author_Last_Name>
      <Author_Email></Author_Email>
      <Contact_Phone></Contact_Phone>
    </Contact_Info>
    <Support_Info>
      <Sales_Email>KRAIG@MYL2N.COM</Sales_Email>
      <Support_Email>KRAIG@MYL2N.COM</Support_Email>
      <General_Email>KRAIG@MYL2N.COM</General_Email>
      <Sales_Phone>850-701-4999 ext 74018</Sales_Phone>
      <Support_Phone>850-701-4999 ext 74018</Support_Phone>
      <General_Phone>850-701-4999 ext 74018</General_Phone>
      <Fax_Phone>850-701-4999 ext 74018</Fax_Phone>
    </Support_Info>
    <GooglePlusPage>http://plus.google.com/108893274837710880216</GooglePlusPage>
    <LinkedinPage>www.linkedin.com/in/kraigbeahn</LinkedinPage>
    <TwitterCompanyPage>https://twitter.com/KraigBeahn</TwitterCompanyPage>
    <FacebookCompanyPage>https://www.facebook.com/kraig.beahn</FacebookCompanyPage>
    <CompanyStorePage>http://www.l2ip.com/</CompanyStorePage>
  </Company_Info>
  <Program_Info>
    <AppID>app-41005f12879c</AppID>
    <Program_Name>EnguiMapCLI</Program_Name>
    <Program_Version>1.2.1b</Program_Version>
    <Program_Release_Month>05</Program_Release_Month>
    <Program_Release_Day>01</Program_Release_Day>
    <Program_Release_Year>2013</Program_Release_Year>
    <Program_Cost_Dollars>0</Program_Cost_Dollars>
    <Program_Cost_Other_Code></Program_Cost_Other_Code>
    <Program_Cost_Other></Program_Cost_Other>
    <Program_Type>Freeware</Program_Type>
    <Program_Category_Class>Network &amp; Internet::Trace &amp; Ping Tools</Program_Category_Class>
    <Program_Specific_Category></Program_Specific_Category>
    <Program_Categories>Business &amp; Finance :: Utilities,Education :: Teaching,Internet :: Firewalls,Internet :: Network Tools,Internet :: ISPs,Internet :: Tools &amp; Utilities,Utilities :: System Diagnostics,Utilities :: Network Utilities,Utilities :: Ping &amp; Trace Tools</Program_Categories>
    <Program_Release_Status>Major Update</Program_Release_Status>
    <Program_Install_Support>No Install Support</Program_Install_Support>
    <Program_OS_Support>Win2000,WinXP,Win7 x32,Win7 x64,Windows 8,WinServer,Windows2000,Windows2003,Windows Tablet PC Edition 2005,Windows Media Center Edition 2005,WinVista,Windows Vista Starter,Windows Vista Home Basic,Windows Vista Home Premium,Windows Vista Business,Windows Vista Enterprise,Windows Vista Ultimate,WinVista x64,Windows Vista Home Basic x64,Windows Vista Home Premium x64,Windows Vista Business x64,Windows Vista Enterprise x64,Windows Vista Ultimate x64</Program_OS_Support>
    <Program_Language>English</Program_Language>
    <Program_Change_Info>Brand New Release!</Program_Change_Info>
    <Program_System_Requirements>CLI Access</Program_System_Requirements>
    <Limitations>No limitations</Limitations>
    <Awards></Awards>
    <File_Info>
      <File_Size_Bytes>1081344</File_Size_Bytes>
      <File_Size_K>1056</File_Size_K>
      <File_Size_MB>1.03</File_Size_MB>
      <Filename_Versioned></Filename_Versioned>
      <Filename_Previous></Filename_Previous>
      <Filename_Generic></Filename_Generic>
      <Filename_Long></Filename_Long>
    </File_Info>
    <Expire_Info>
      <Has_Expire_Info>N</Has_Expire_Info>
      <Expire_Count></Expire_Count>
      <Expire_Based_On></Expire_Based_On>
      <Expire_Year></Expire_Year>
      <Expire_Other_Info></Expire_Other_Info>
      <Expire_Month></Expire_Month>
      <Expire_Day></Expire_Day>
    </Expire_Info>
    <Includes_DirectX></Includes_DirectX>
    <VideoLink1URL></VideoLink1URL>
    <VideoLink2URL></VideoLink2URL>
    <FacebookFanPage></FacebookFanPage>
    <GooglePlusFanPage></GooglePlusFanPage>
    <Includes_JAVA_VM></Includes_JAVA_VM>
    <Includes_VB_Runtime></Includes_VB_Runtime>
  </Program_Info>
  <Web_Info>
    <Application_URLs>
      <Application_Info_URL>http://cdn.l2net.com/dl/EnguiMap/dox/EnguiMapInfo.pdf</Application_Info_URL>
      <Application_Order_URL>http://cdn.l2net.com/dl/EnguiMap/dox/EnguiMapOrder.pdf</Application_Order_URL>
      <Application_Screenshot_URL>http://cdn.l2net.com/dl/EnguiMap/ScreenShots/EnguiMapCLIScreenShotWindows2008Server3.png</Application_Screenshot_URL>
      <Application_Icon_URL>http://cdn.l2net.com/dl/EnguiMap/AppIcons/EnguiMapIcon32.gif</Application_Icon_URL>
      <Application_XML_File_URL>http://repository.appvisor.com/app-41005f12879c/site-01/EnguiMapCLI_pad.xml</Application_XML_File_URL>
    </Application_URLs>
    <Download_URLs>
      <Primary_Download_URL>http://cdn.l2net.com/dl/EnguiMap/_EnguiMapCLI.exe</Primary_Download_URL>
      <Secondary_Download_URL>http://cdn.l2net.com/dl/EnguiMap/_EnguiMapCLI.exe</Secondary_Download_URL>
      <Additional_Download_URL_1>http://cdn.enguity.com/dl/EnguiMap/_EnguiMapCLI.exe</Additional_Download_URL_1>
      <Additional_Download_URL_2>http://cdn.cnnnewswire.com/dl/EnguiMap/_EnguiMapCLI.exe</Additional_Download_URL_2>
    </Download_URLs>
  </Web_Info>
  <Program_Descriptions>
    <English>
      <Keywords>EnguiMapCLI,L2Networks,KraigBeahn,MTU,Traceroute,ICMP,Ping,GatewayTesting,HardwareAddress,MACAddress</Keywords>
      <Char_Desc_45>EnguiMapCLI CLI IP Network diag tool.</Char_Desc_45>
      <Char_Desc_80>EnguiMapCLI CLI IP Network diag tool - Portions Copyright (C)2013 Kraig Beahn</Char_Desc_80>
      <Char_Desc_250>EnguiMapCLI provides CLI style IP testing, estimating the internet providers MTU, while also providing network adapter info, including the mac-address, IP address, gw status and rtt in an easy to read format. Portions Copyright (C)2013 Kraig Beahn</Char_Desc_250>
      <Char_Desc_450>EnguiMapCLI provides basic CLI style IP MTU testing, estimating the internet transit providers maximum transport unit, while also providing standard network adapter information, including the hardware (mac-address), assigned IPv4 address, gateway status and round trip time in a convenient, yet compact and easy to read format. Copyright (c)2013 L2Networks Corp., Portions Copyright (c)2013 Kraig Beahn in partnership with EnguiSoft Technology Corp.</Char_Desc_450>
      <Char_Desc_2000>EnguiMapCLI was created as the result of a partnership between EnguiSoft and Kraig Beahn, CEO at L2Networks Corp.

EnguiMapCLI was created as the result of a partnership between EnguiSoft and Kraig Beahn, CEO at L2Networks Corp.

EnguiMapCLI provides basic CLI style IP MTU testing, estimating the default internet transit providers maximum transport unit, while also providing standard network adapter information, including the hardware (mac-address), assigned IPv4 address, gateway status and round trip time in a convenient, yet compact and easy to read format.

Written in both Pure C, AutoIT v3 and wrapped into a single, portable executable for easy transfer and use.

This tool is being provided to the global Information Technology community, in hopes that it may be useful in streamlining local network support and in turn spurring a more detailed knowledge of how Layer-2 and Layer-3 technology functions, at a more advanced, enterprise level.

Copyright (c)2013 L2Networks Corp., Portions Copyright (c)2013 Kraig Beahn in partnership with EnguiSoft Technology Corp.</Char_Desc_2000>
    </English>
  </Program_Descriptions>
  <Permissions>
    <Distribution_Permissions>(Short 2013 EnguiMap License)

-Free to use and Distribute. EnguiMap may be freely distributed and utilized in both residential and commercial environments, so long as it is distributed and/or utilized in its original, unmodified state. Permission to modify or otherwise attempt to disassemble EnguiMap has been expressly denied.

-Warranty Exclusion.  L2NETWORKS MAKES NO WARRANTIES OR REPRESENTATIONS, EXPRESS OR IMPLIED, WHETHER BY FACT OR BY OPERATION OF LAW, STATUTORY OR OTHERWISE, INCLUDING BUT NOT LIMITED TO WARRANTIES OF MERCHANTABILITY AND/OR FITNESS FOR A PARTICULAR USE OR PURPOSE WITH RESPECT TO ANY SERVICE OR SOFTWARE PROVIDED HEREUNDER.

-Limitation of Liability.   In no event shall L2NETWORKS be liable to EnguiMap authorized users or any third party for loss of service occasioned by equipment failure or any actions, non-actions, errors or omissions of user or any Carrier. 

-Force Majeure.  L2NETWORKS’s obligations under this Agreement are subject to, and L2NETWORKS  shall not be liable for, delays, failures to perform, damages, losses or destruction, or malfunction of any equipment or any consequence thereof caused or occasioned by, or due to fire, flood, water, earthquake, labor disputes or shortages, utility curtailments, power failures, explosions, civil disturbances, governmental actions, shortages of equipment for supplies, unavailability of transportation, acts or omissions of third parties, including without limitations, acts or omissions of third party service providers, or any other cause beyond L2NETWORKS ’s reasonable control.</Distribution_Permissions>
    <EULA>Freeware License EULA.
FREEWARE LICENSE
END-USER LICENSE AGREEMENT
NOTICE TO USER:
Please, read this carefully. By using all or any portion of the Software you accept all the terms and conditions of this Agreement. If you do not agree, do not use this Software.

1. DEFINITIONS
When used in this Agreement, the following terms shall have the respective meanings indicated, such meanings to be applicable to both the singular and plural forms of the terms defined:

'Licensor' means L2Networks Corp., Kraig Beahn and EnguiSoft Technology Corp. 'Licensee' means You or Your Company, unless otherwise indicated.

'Software' means (a) all of the contents of the files, disk(s), CD-ROM(s) or other media with which this Agreement is provided, including but not limited to ((i) registration information, i.e. License key which is unique for a registration name of the Licensee; (ii) related explanatory written materials or files ('Documentation'); and (iii) Software setup files and code samples (if any); and (b) upgrades, modified versions, updates, additions, and copies of the Software, if any, licensed to you by the Licensor (collectively, 'Updates').

'Use' or 'Using' means to access, install, download, copy or otherwise benefit from using the functionality of the Software in accordance with the Documentation.

'Computer' means an electronic device that accepts information in digital or similar form and manipulates it for a specific result based on a sequence of instructions.

2. GENERAL USE 
You are granted a non-exclusive License to Use the downloaded Software for any purposes for an unlimited period of time.
The software product under this License is provided free of charge. Even though a license fee is not paid for the use of such software, it does not mean that there are no conditions for using such software.

2.1. The Software may be installed and Used by the Licensee for any legal purpose.
2.2. The Software may be installed and Used by the Licensee on any number of computers owned, leased or controlled by the Licensee.
2.3. The Software can be copied and distributed under the condition that original copyright notice and disclaimer of warranty will stay intact and the Licensee will not charge money or fees for the Software product, except to cover distribution costs.
2.4. The Licensee will not have any proprietary rights in and to the Software. The Licensee acknowledges and agrees that the Licensor retains all copyrights and other proprietary rights in and to the Software.
2.5 Use within the scope of this License is free of charge and no royalty or licensing fees shall be paid by the Licensee.

3. INTELLECTUAL PROPERTY RIGHTS
3.1 This License does not transmit any intellectual rights on the Software. The Software and any copies that the Licensee is authorized by the Licensor to make are the intellectual property of and are owned by the Licensor and its suppliers. 
3.2 The Software is protected by copyright, including without limitation by Copyright Law and international treaty provisions. 
3.3 Any copies that the Licensee is permitted to make pursuant to this Agreement must contain the same copyright and other proprietary notices that appear on or in the Software. 
3.4 The structure, organization and code of the Software are the valuable trade secrets and confidential information of the Licensor and its suppliers. The Licensee agrees not to decompile, disassemble or otherwise attempt to discover the source code of the Software.
3.5 Any attempts to reverse-engineer, copy, clone, modify or alter in any way the installer program without the Licensor's specific approval are strictly prohibited. The Licensee is not authorized to use any plug-in or enhancement that permits to save modifications to a file with software licensed and distributed by the Licensor.
3.6 Any information supplied by the Licensor or obtained by the Licensee, as permitted hereunder, may only be used by the Licensee for the purpose described herein and may not be disclosed to any third party or used to create any software which is substantially similar to the expression of the Software.
3.7 Trademarks shall be used in accordance with accepted trademark practice, including identification of trademarks owners' names. Trademarks can only be used to identify printed output produced by the Software and such use of any trademark does not give the Licensee any rights of ownership in that trademark.

4. WARRANTY
4.1 The Licensor warrants that:
4.1.1 it owns the Software and documentation and/or is in possession of valid and existing licenses that support the terms of this agreement, 
4.1.2 to the best of its knowledge, the Software does not infringe upon or violate any intellectual property right of a third party and the Licensor will indemnify, defend and hold the Licensee harmless in the event of a claim related thereto;
4.1.3 the Software does not contain any back door, time bomb, drop dead device or other routine intentionally designed by the Licensor to disable a computer program or computer instructions that alter, destroy or inhibit the processing environment.

4.2 Except those warranties specified in section 4.1 above, the Software is being delivered to the Licensee 'AS IS' and the Licensor makes no warranty as to its use or performance. 

The Licensor and its suppliers do not and cannot warrant the performance or results the Licensee may obtain by using the Software. 

Except for any warranty, condition, representation or term to the extent to which the same cannot or may not be excluded or limited by law applicable to the Licensee in his jurisdiction, the Licensor and its suppliers make no warranties conditions, representations, or terms (express or implied whether by statute, common law, custom, usage or otherwise) as to any matter including without limitation non-infringement of third party rights, merchantability, integration, satisfactory quality, or fitness for any particular purpose.

5. LIMITATION OF LIABILITY
In no event will the Licensor or its suppliers be liable for any damages, claims or costs whatsoever or any consequential, indirect, incidental damages, or any lost profits or lost savings, even if the Licensor has been advised of the possibility of such loss, damages, claims or costs or for any claim by any third party. 

In no event will the Licensee be liable to the Licensor on condition that the Licensee complies with all terms and conditions stated in this License.

6. NON-WAIVER
If a portion of this agreement is held unenforceable, the remainder shall be valid. It means that if one section of the Agreement is not lawful, the rest of the Agreement is still in force. A party's failure to exercise any right under this Agreement will not constitute a waiver of (a) any other terms or conditions of this Agreement, or (b) a right at any time thereafter to require exact and strict compliance with the terms of this Agreement.</EULA>
  </Permissions>
  <Site>
    <Site_FORM></Site_FORM>
    <Site_VERSION></Site_VERSION>
    <Site_URL></Site_URL>
    <Site_DESCRIPTION></Site_DESCRIPTION>
    <Site_Site_Title>EnguiMapCLI Portable Application</Site_Site_Title>
    <Site_Site_URL>http://www.l2net.com/</Site_Site_URL>
    <Site_Keywords>l2networks,kraigbeahn,enguimap,enguimapcli,enguity,enguisoft</Site_Keywords>
    <Site_Description_100>L2Networks Corp. - EnguiMapCLI developer</Site_Description_100>
    <Site_Description_250>L2Networks Corp. - Developer of EnguiMapCLI</Site_Description_250>
    <Site_Description_450>L2Networks Corp. and EnguiSoft Technology Corp - Developer(s) of EnguiMapCLI</Site_Description_450>
    <Site_Contact_First_Name></Site_Contact_First_Name>
    <Site_Contact_Last_Name></Site_Contact_Last_Name>
    <Site_Contact_Email></Site_Contact_Email>
  </Site>
  <Dynamic_PAD>
    <General>
      <DP_Pad_Enabled>TRUE</DP_Pad_Enabled>
      <DP_AtFormFill_Enabled>TRUE</DP_AtFormFill_Enabled>
      <DP_Distributive_Enabled>TRUE</DP_Distributive_Enabled>
      <DP_Script_Base_URL>http://repository.appvisor.com/</DP_Script_Base_URL>
      <DP_Pad_Mask>EnguiMapCLI_pad.xml</DP_Pad_Mask>
      <DP_Distributive_Primary_URL>http://cdn.l2net.com/dl/EnguiMap/_EnguiMapCLI.exe</DP_Distributive_Primary_URL>
      <DP_Distributive_Mask>_EnguiMapCLI.exe</DP_Distributive_Mask>
    </General>
  </Dynamic_PAD>
</XML_DIZ_INFO>
